unix_start_t,user_ID,mark_1,orig_lat,orig_long,orig_unc,stay_lat,stay_long,stay_unc,stay_dur,stay_ind,human_start_t
1552522827,f98247efb013243c91c247aa6c6e119e71404a698005d1e3ee7654f17130cb25,0,47.6515886,-122.3273974,900,-1,-1,-1,-1,-1,1.90E+11
1552850582,f98247efb013243c91c247aa6c6e119e71404a698005d1e3ee7654f17130cb25,0,47.9993149,-122.2218245,122,-1,-1,-1,-1,-1,1.90E+11
1552851399,f98247efb013243c91c247aa6c6e119e71404a698005d1e3ee7654f17130cb25,0,47.9990418,-122.2215741,104,-1,-1,-1,-1,-1,1.90E+11